<?xml version="1.0" encoding="UTF-8" standalone="yes"?>
<addon id="script.module.libarte" name="libarte" version="2.0.2" provider-name="sarbes">
  <requires>
    <import addon="xbmc.python" version="3.0.0"/>
    <import addon="script.module.libmediathek4" version="1.0.0"/>
		<import addon="script.module.requests" version="2.19.1"/>
  </requires>
  <extension point="xbmc.python.module" library="lib" />
  <extension point="xbmc.addon.metadata">
    <platform>all</platform>
    <summary lang="en_GB">This is a scraper for http://arte.tv.</summary>
    <description lang="en_GB">This is a scraper for http://arte.tv.</description>
    <assets>
      <icon>resources/icon.png</icon>
    </assets>
  </extension>
</addon>
