<?xml version="1.0" encoding="UTF-8"?>
<addon id="plugin.video.zattoo_com" name="Zattoo Live TV" version="1.2.18+matrix.1" provider-name="PUR3, Maven">
    <requires>
        <import addon="xbmc.python" version="3.0.0"/>
        <import addon="script.module.kodi-six" version="0.1.3.1"/>
        <import addon="script.module.pyxbmct" version="1.2.0"/>
    </requires>
    <extension point="xbmc.python.pluginsource" library="default.py">
        <provides>video</provides>
    </extension>
    <extension point="xbmc.service" library="startup.py"/>
    <extension point="xbmc.addon.metadata">
        <platform>all</platform>
        <summary lang="de_DE">Über 75 TV-Sender als Livestreams auf dem Gerät deiner Wahl ansehen.</summary>
        <description lang="de_DE">Fußball, Serien, Filme, Dokus und Reportagen laufen mit Zattoo im Livestream. Alles was du brauchst, ist eine Internetverbindung und schon läuft das Fernsehprogramm mit mehr als 75-TV-Sendern kostenlos auf dem Gerät deiner Wahl.</description>
        <license>GNU GENERAL PUBLIC LICENSE. Version 2, June 1991</license>
        <website>http://www.zattoo.com</website>
        <assets>
            <icon>icon.png</icon>
        </assets>
        <news>
1.2.18
- feat: DRM level and HDCP version settings when dash_widevine is selected
- feat: option for smart hd abo
- feat: start show at the beginning (contextmenu)
- fix: dash streams cannot be played on Kodi Leia and below
1.2.17
- fix: dash streams cannot be played on Kodi Nexus and below
1.2.16
- feat: option to select streaming protocoll when inputstream adaptive is installed
1.2.15
- fix: create fake uuid if it is not possible to get a system UUID
- fix: use dash streams from Kodi 21 as hls not working
        </news>
    </extension>
</addon>
