<?xml version="1.0" encoding="UTF-8"?>
<addon id="plugin.audio.arteconcert" name="Arte Concert" version="2.0.1" provider-name="sarbes">
    <requires>
        <import addon="xbmc.python" version="3.0.0"/>
        <import addon="script.module.libarte" version="2.0.1"/>
    </requires>
    <extension point="xbmc.python.pluginsource" library="default.py">
        <provides>audio</provides>
    </extension>
    <extension point="xbmc.addon.metadata">
        <platform>all</platform>
        <language>an de fr</language>
        <license>GPL-2.0-only</license>
        <source>https://github.com/sarbes/plugin.audio.arteconcert</source>
        <forum>https://forum.kodi.tv/showthread.php?tid=353899</forum>
        <website>https://www.arte.tv/en/arte-concert/</website>
        <summary lang="en_GB">This add-on allows access to the concert section of the French/German broadcaster Arte.</summary>
        <description lang="en_GB">This add-on allows access to the concert section of the French/German broadcaster Arte.</description>
        <summary lang="de_DE">Dieses Add-on bietet Zugriff auf die Konzerte von Arte.</summary>
        <description lang="de_DE">Dieses Add-on bietet Zugriff auf die Konzerte von Arte. Das Angebot reicht von Klassischer Musik bis hin zu Elektro.</description>
        <disclaimer lang="de_DE">Dieses Add-on wird von keiner Sendeanstalt unterstützt und ist daher inoffiziell.</disclaimer>
        <assets>
            <icon>resources/icon.png</icon>
            <fanart>resources/fanart.png</fanart>
        </assets>
    </extension>
</addon>
